,false_positive_rate,true_positive_rate,thresholds
0,0.0,0.0,1.9911089
1,0.0,0.0007067137809187279,0.9911089
2,0.0,0.0035335689045936395,0.9826695
3,0.0002892681515765114,0.0035335689045936395,0.9825819
4,0.0002892681515765114,0.0734982332155477,0.9475899
5,0.0005785363031530228,0.0734982332155477,0.9474921
6,0.0005785363031530228,0.07561837455830389,0.9461511
7,0.0005785363031530228,0.09187279151943463,0.9403698
8,0.0005785363031530228,0.0939929328621908,0.9401496
9,0.0005785363031530228,0.10459363957597173,0.9365589
10,0.0005785363031530228,0.10600706713780919,0.9362928
11,0.0005785363031530228,0.1371024734982332,0.9249137
12,0.0005785363031530228,0.1392226148409894,0.9240489
13,0.0005785363031530228,0.1413427561837456,0.922475
14,0.0008678044547295343,0.1413427561837456,0.92236155
15,0.0008678044547295343,0.15123674911660778,0.91713876
16,0.0011570726063060456,0.15123674911660778,0.91655695
17,0.0011570726063060456,0.15406360424028268,0.9146503
18,0.0014463407578825572,0.15406360424028268,0.91391885
19,0.0014463407578825572,0.17597173144876324,0.9010765
20,0.0017356089094590686,0.17597173144876324,0.900922
21,0.0017356089094590686,0.18869257950530036,0.89592725
22,0.00202487706103558,0.18869257950530036,0.89572537
23,0.00202487706103558,0.20989399293286218,0.8834402
24,0.00202487706103558,0.21130742049469964,0.8823525
25,0.00202487706103558,0.24098939929328622,0.8646542
26,0.0023141452126120912,0.24098939929328622,0.8640812
27,0.0023141452126120912,0.25653710247349826,0.85422117
28,0.0026034133641886026,0.25653710247349826,0.8528094
29,0.0026034133641886026,0.26501766784452296,0.84792006
30,0.0028926815157651145,0.26501766784452296,0.8478988
31,0.0028926815157651145,0.28197879858657243,0.83951586
32,0.003181949667341626,0.28197879858657243,0.8385639
33,0.003181949667341626,0.30247349823321557,0.8257807
34,0.003181949667341626,0.303886925795053,0.8255041
35,0.003181949667341626,0.30459363957597174,0.82542884
36,0.0034712178189181373,0.30459363957597174,0.8251532
37,0.0034712178189181373,0.31095406360424027,0.8180197
38,0.0037604859704946487,0.31095406360424027,0.8169447
39,0.0037604859704946487,0.3201413427561837,0.8122298
40,0.00404975412207116,0.3201413427561837,0.81135416
41,0.00404975412207116,0.3434628975265018,0.7887149
42,0.004339022273647671,0.3434628975265018,0.7887102
43,0.004339022273647671,0.3491166077738516,0.78424704
44,0.0046282904252241824,0.3491166077738516,0.78419966
45,0.0046282904252241824,0.35406360424028266,0.7813643
46,0.004917558576800694,0.35406360424028266,0.78119385
47,0.004917558576800694,0.35547703180212015,0.78088367
48,0.005206826728377205,0.35547703180212015,0.7802698
49,0.005206826728377205,0.3597173144876325,0.77484894
50,0.0054960948799537175,0.3597173144876325,0.77468807
51,0.0054960948799537175,0.3646643109540636,0.77125466
52,0.005785363031530229,0.3646643109540636,0.7705016
53,0.005785363031530229,0.36819787985865726,0.76953393
54,0.00607463118310674,0.36819787985865726,0.76937723
55,0.00607463118310674,0.37385159010600705,0.7620246
56,0.006363899334683252,0.37385159010600705,0.76152503
57,0.006363899334683252,0.3745583038869258,0.76007754
58,0.006653167486259763,0.3745583038869258,0.75975114
59,0.006653167486259763,0.3795053003533569,0.7549484
60,0.006653167486259763,0.38162544169611307,0.75413316
61,0.007231703789412786,0.38162544169611307,0.7536493
62,0.007231703789412786,0.3823321554770318,0.75333846
63,0.007520971940989297,0.3823321554770318,0.7527446
64,0.007520971940989297,0.3943462897526502,0.738957
65,0.007810240092565809,0.3943462897526502,0.7382461
66,0.007810240092565809,0.4056537102473498,0.73329866
67,0.00809950824414232,0.4056537102473498,0.7313568
68,0.00809950824414232,0.4120141342756184,0.7289252
69,0.008388776395718832,0.4120141342756184,0.72887087
70,0.008388776395718832,0.41413427561837457,0.7255889
71,0.009256580850448365,0.41413427561837457,0.72367024
72,0.009256580850448365,0.4183745583038869,0.7176305
73,0.009545849002024877,0.4183745583038869,0.7175993
74,0.009545849002024877,0.4204946996466431,0.71596426
75,0.009835117153601388,0.4204946996466431,0.7159026
76,0.009835117153601388,0.42473498233215545,0.7148024
77,0.0101243853051779,0.42473498233215545,0.7137172
78,0.0101243853051779,0.42614840989399294,0.71260536
79,0.01041365345675441,0.42614840989399294,0.7112932
80,0.01041365345675441,0.4275618374558304,0.71062577
81,0.01041365345675441,0.42897526501766786,0.709978
82,0.01041365345675441,0.4303886925795053,0.7094481
83,0.010702921608330923,0.4303886925795053,0.7081251
84,0.010702921608330923,0.43109540636042404,0.7080688
85,0.010992189759907435,0.43109540636042404,0.70594835
86,0.010992189759907435,0.4332155477031802,0.70552063
87,0.011281457911483946,0.4332155477031802,0.70539486
88,0.011281457911483946,0.43392226148409896,0.7041448
89,0.011570726063060458,0.43392226148409896,0.7039758
90,0.011570726063060458,0.4381625441696113,0.70033866
91,0.011859994214636968,0.4381625441696113,0.700158
92,0.011859994214636968,0.43886925795053006,0.6989813
93,0.01214926236621348,0.43886925795053006,0.6986407
94,0.01214926236621348,0.45936395759717313,0.6851612
95,0.012438530517789991,0.45936395759717313,0.6845276
96,0.012438530517789991,0.4628975265017668,0.68080646
97,0.012727798669366503,0.4628975265017668,0.680737
98,0.012727798669366503,0.4657243816254417,0.67817193
99,0.013017066820943014,0.4657243816254417,0.6776271
100,0.013017066820943014,0.4664310954063604,0.6772004
101,0.013306334972519526,0.4664310954063604,0.6765431
102,0.013306334972519526,0.46925795053003533,0.67553294
103,0.013595603124096037,0.46925795053003533,0.6746929
104,0.013595603124096037,0.4706713780918728,0.67304975
105,0.01417413942724906,0.4706713780918728,0.6715663
106,0.01417413942724906,0.4713780918727915,0.6715608
107,0.014752675730402082,0.4713780918727915,0.6713242
108,0.014752675730402082,0.47491166077738517,0.6668207
109,0.015041943881978595,0.47491166077738517,0.6667911
110,0.015041943881978595,0.48056537102473496,0.6627844
111,0.015331212033555105,0.48056537102473496,0.66231704
112,0.015331212033555105,0.4812720848056537,0.66200876
113,0.015620480185131617,0.4812720848056537,0.6617451
114,0.015620480185131617,0.4890459363957597,0.6561823
115,0.015909748336708128,0.4890459363957597,0.65492153
116,0.015909748336708128,0.4925795053003534,0.65245897
117,0.016488284639861153,0.4925795053003534,0.65112543
118,0.016488284639861153,0.49540636042402825,0.65025806
119,0.016777552791437663,0.49540636042402825,0.6495053
120,0.016777552791437663,0.49681978798586574,0.6491643
121,0.017066820943014174,0.49681978798586574,0.6491354
122,0.017066820943014174,0.4989399293286219,0.64854527
123,0.01822389354932022,0.4989399293286219,0.6467299
124,0.01822389354932022,0.49964664310954066,0.64659905
125,0.018802429852473244,0.49964664310954066,0.64497674
126,0.018802429852473244,0.503886925795053,0.64230186
127,0.019091698004049754,0.503886925795053,0.6420382
128,0.019091698004049754,0.5074204946996467,0.6401576
129,0.019380966155626265,0.5074204946996467,0.6384102
130,0.019380966155626265,0.5102473498233215,0.6369272
131,0.019670234307202775,0.5102473498233215,0.63692504
132,0.019670234307202775,0.5109540636042402,0.636832
133,0.01995950245877929,0.5109540636042402,0.6357217
134,0.01995950245877929,0.5123674911660777,0.6351805
135,0.0202487706103558,0.5123674911660777,0.6349722
136,0.0202487706103558,0.5159010600706714,0.6332601
137,0.02053803876193231,0.5159010600706714,0.6332193
138,0.02053803876193231,0.5166077738515901,0.6326972
139,0.02082730691350882,0.5166077738515901,0.63261235
140,0.02082730691350882,0.5173144876325089,0.63245314
141,0.021116575065085335,0.5173144876325089,0.63201016
142,0.021116575065085335,0.519434628975265,0.63159215
143,0.021405843216661846,0.519434628975265,0.6314973
144,0.021405843216661846,0.5201413427561837,0.6312348
145,0.021695111368238356,0.5201413427561837,0.6300634
146,0.021695111368238356,0.5243816254416961,0.6281074
147,0.02227364767139138,0.5243816254416961,0.6271692
148,0.02227364767139138,0.5250883392226149,0.62713045
149,0.02256291582296789,0.5250883392226149,0.62706506
150,0.02256291582296789,0.5265017667844523,0.62585735
151,0.023430720277697426,0.5265017667844523,0.6254986
152,0.023430720277697426,0.5356890459363958,0.61844003
153,0.023719988429273937,0.5356890459363958,0.6177348
154,0.023719988429273937,0.5363957597173145,0.6176934
155,0.024009256580850447,0.5363957597173145,0.6146335
156,0.024009256580850447,0.5371024734982333,0.6138881
157,0.02429852473242696,0.5371024734982333,0.6136486
158,0.02429852473242696,0.5406360424028268,0.6122053
159,0.025166329187156493,0.5406360424028268,0.61008424
160,0.025166329187156493,0.5413427561837456,0.6098986
161,0.025455597338733007,0.5413427561837456,0.6098885
162,0.025455597338733007,0.5420494699646643,0.6083137
163,0.025744865490309517,0.5420494699646643,0.60720825
164,0.025744865490309517,0.5469964664310955,0.60444415
165,0.026612669945039052,0.5469964664310955,0.6027335
166,0.026612669945039052,0.5477031802120141,0.60234463
167,0.027191206248192074,0.5477031802120141,0.60128033
168,0.027191206248192074,0.553356890459364,0.5965662
169,0.027480474399768584,0.553356890459364,0.59642124
170,0.027480474399768584,0.5590106007067138,0.593184
171,0.027769742551345098,0.5590106007067138,0.5928856
172,0.027769742551345098,0.5597173144876325,0.5921264
173,0.02805901070292161,0.5597173144876325,0.5919372
174,0.02805901070292161,0.5604240282685512,0.5917761
175,0.02834827885449812,0.5604240282685512,0.5915898
176,0.02834827885449812,0.56113074204947,0.591575
177,0.028926815157651144,0.56113074204947,0.59136236
178,0.028926815157651144,0.5618374558303887,0.59116495
179,0.029505351460804165,0.5618374558303887,0.5905794
180,0.029505351460804165,0.5625441696113074,0.5905267
181,0.029794619612380675,0.5625441696113074,0.5904123
182,0.029794619612380675,0.5632508833922262,0.59022033
183,0.0303731559155337,0.5632508833922262,0.589779
184,0.0303731559155337,0.5646643109540636,0.58969665
185,0.03066242406711021,0.5646643109540636,0.58894646
186,0.03066242406711021,0.566077738515901,0.58811724
187,0.031819496673416256,0.566077738515901,0.5855852
188,0.031819496673416256,0.5674911660777385,0.58504504
189,0.03239803297656928,0.5674911660777385,0.5845596
190,0.03239803297656928,0.5703180212014134,0.5841971
191,0.033555105582875326,0.5703180212014134,0.5823881
192,0.033555105582875326,0.5745583038869257,0.58034265
193,0.03413364188602835,0.5745583038869257,0.579003
194,0.03413364188602835,0.5752650176678445,0.5780282
195,0.03442291003760486,0.5752650176678445,0.57795364
196,0.03442291003760486,0.5759717314487632,0.5773789
197,0.035001446340757886,0.5759717314487632,0.57563275
198,0.035001446340757886,0.5809187279151944,0.5734533
199,0.03557998264391091,0.5809187279151944,0.5726412
200,0.03557998264391091,0.5823321554770318,0.57212514
201,0.03731559155336998,0.5823321554770318,0.5707692
202,0.03731559155336998,0.5830388692579506,0.5707232
203,0.03760485970494649,0.5830388692579506,0.57038677
204,0.03760485970494649,0.5837455830388693,0.57033753
205,0.03818339600809951,0.5837455830388693,0.570104
206,0.03818339600809951,0.5858657243816254,0.56844723
207,0.03962973676598207,0.5858657243816254,0.56542397
208,0.03962973676598207,0.5865724381625441,0.56497777
209,0.0404975412207116,0.5865724381625441,0.5644574
210,0.04107607752386462,0.5865724381625441,0.56385654
211,0.04107607752386462,0.5893992932862191,0.5610855
212,0.04165461382701764,0.5893992932862191,0.560958
213,0.04165461382701764,0.5901060070671378,0.560919
214,0.04223315013017067,0.5901060070671378,0.56064594
215,0.04223315013017067,0.5915194346289753,0.5604812
216,0.04252241828174718,0.5915194346289753,0.56039816
217,0.04252241828174718,0.592226148409894,0.5601917
218,0.04281168643332369,0.592226148409894,0.5597403
219,0.04281168643332369,0.5929328621908128,0.5593968
220,0.04339022273647671,0.5929328621908128,0.55829346
221,0.04339022273647671,0.5943462897526501,0.55798066
222,0.04367949088805322,0.5943462897526501,0.55773944
223,0.04367949088805322,0.5971731448763251,0.5564362
224,0.04396875903962974,0.5971731448763251,0.55639535
225,0.04396875903962974,0.5985865724381625,0.5561568
226,0.04425802719120625,0.5985865724381625,0.5556558
227,0.04425802719120625,0.6,0.55522573
228,0.04454729534278276,0.6,0.5552057
229,0.04454729534278276,0.6007067137809188,0.55483186
230,0.04483656349435927,0.6007067137809188,0.5547241
231,0.04483656349435927,0.6035335689045936,0.552889
232,0.04541509979751229,0.6035335689045936,0.5527812
233,0.04541509979751229,0.6042402826855123,0.55264044
234,0.0457043679490888,0.6042402826855123,0.5525734
235,0.0457043679490888,0.6063604240282685,0.5516079
236,0.045993636100665314,0.6063604240282685,0.55159944
237,0.045993636100665314,0.607773851590106,0.5510584
238,0.04657217240381834,0.607773851590106,0.54963624
239,0.04657217240381834,0.6084805653710247,0.54940736
240,0.04743997685854787,0.6084805653710247,0.54873484
241,0.04743997685854787,0.6091872791519435,0.5486419
242,0.047729245010124384,0.6091872791519435,0.54822147
243,0.047729245010124384,0.610600706713781,0.5476776
244,0.04859704946485392,0.610600706713781,0.5460152
245,0.04859704946485392,0.6134275618374558,0.54451823
246,0.049175585768006944,0.6134275618374558,0.5429255
247,0.049175585768006944,0.6141342756183745,0.5427207
248,0.049464853919583454,0.6141342756183745,0.5422611
249,0.049464853919583454,0.6169611307420495,0.54186517
250,0.050043390222736475,0.6169611307420495,0.5405444
251,0.050043390222736475,0.6176678445229682,0.539839
252,0.050621926525889496,0.6176678445229682,0.53906184
253,0.050621926525889496,0.6240282685512367,0.53678703
254,0.051200462829042524,0.6240282685512367,0.53643715
255,0.051200462829042524,0.6303886925795052,0.53159744
256,0.051489730980619035,0.6303886925795052,0.5311414
257,0.051489730980619035,0.6318021201413427,0.5294551
258,0.051778999132195545,0.6318021201413427,0.52915955
259,0.051778999132195545,0.6325088339222615,0.5291181
260,0.052068267283772056,0.6325088339222615,0.5289714
261,0.052068267283772056,0.6346289752650177,0.52677846
262,0.052936071738501594,0.6346289752650177,0.5255509
263,0.052936071738501594,0.6353356890459364,0.5250548
264,0.053225339890078105,0.6353356890459364,0.52498096
265,0.053225339890078105,0.6360424028268551,0.524948
266,0.053514608041654615,0.6360424028268551,0.52439094
267,0.053514608041654615,0.6367491166077739,0.52429366
268,0.05409314434480764,0.6367491166077739,0.5235524
269,0.05409314434480764,0.6424028268551236,0.5205554
270,0.05438241249638415,0.6424028268551236,0.5204841
271,0.05438241249638415,0.6431095406360424,0.5198935
272,0.05496094879953717,0.6431095406360424,0.51885325
273,0.05496094879953717,0.6445229681978799,0.51828086
274,0.05582875325426671,0.6445229681978799,0.516788
275,0.05582875325426671,0.6473498233215548,0.5158254
276,0.05611802140584322,0.6473498233215548,0.5158187
277,0.05611802140584322,0.6487632508833923,0.51550865
278,0.05669655770899624,0.6487632508833923,0.5150176
279,0.05669655770899624,0.649469964664311,0.5148281
280,0.05698582586057275,0.649469964664311,0.5134066
281,0.05698582586057275,0.6508833922261484,0.5132014
282,0.05785363031530229,0.6508833922261484,0.51199675
283,0.05785363031530229,0.6530035335689046,0.51043206
284,0.0581428984668788,0.6530035335689046,0.5098568
285,0.0581428984668788,0.657243816254417,0.50856525
286,0.05843216661845531,0.657243816254417,0.50780135
287,0.05843216661845531,0.6593639575971731,0.5075792
288,0.05872143477003182,0.6593639575971731,0.50757563
289,0.05872143477003182,0.6600706713780918,0.5074345
290,0.05929997107318484,0.6600706713780918,0.5061024
291,0.05929997107318484,0.6607773851590106,0.5056628
292,0.06132484813422042,0.6607773851590106,0.5028852
293,0.06132484813422042,0.6628975265017668,0.5018676
294,0.06248192074052647,0.6628975265017668,0.5003641
295,0.06248192074052647,0.6643109540636042,0.49865764
296,0.06277118889210298,0.6643109540636042,0.49797326
297,0.06277118889210298,0.6657243816254417,0.49746752
298,0.06306045704367949,0.6657243816254417,0.49744797
299,0.06306045704367949,0.6678445229681979,0.49329838
300,0.06363899334683251,0.6678445229681979,0.49284515
301,0.06363899334683251,0.6692579505300353,0.4925359
302,0.06392826149840902,0.6692579505300353,0.4925065
303,0.06392826149840902,0.6706713780918728,0.491964
304,0.06537460225629159,0.6706713780918728,0.49107093
305,0.06537460225629159,0.6713780918727915,0.49071988
306,0.0656638704078681,0.6713780918727915,0.49069762
307,0.0656638704078681,0.6720848056537102,0.490429
308,0.06595313855944461,0.6720848056537102,0.49041143
309,0.06595313855944461,0.672791519434629,0.49005222
310,0.06624240671102112,0.672791519434629,0.49005166
311,0.06624240671102112,0.6791519434628975,0.48767233
312,0.06682094301417414,0.6791519434628975,0.48630404
313,0.06682094301417414,0.6819787985865724,0.48420492
314,0.06711021116575065,0.6819787985865724,0.4841141
315,0.06711021116575065,0.6848056537102474,0.48337388
316,0.06768874746890367,0.6848056537102474,0.4827804
317,0.06768874746890367,0.6862190812720848,0.48225814
318,0.06797801562048018,0.6862190812720848,0.48191565
319,0.06797801562048018,0.6876325088339222,0.48120517
320,0.0682672837720567,0.6876325088339222,0.48092684
321,0.0682672837720567,0.6897526501766784,0.48015872
322,0.06913508822678623,0.6897526501766784,0.47881192
323,0.06913508822678623,0.6904593639575972,0.47877082
324,0.07000289268151577,0.6904593639575972,0.4781415
325,0.07000289268151577,0.6932862190812721,0.4770328
326,0.07058142898466879,0.6932862190812721,0.4768845
327,0.07058142898466879,0.6939929328621908,0.47676015
328,0.0708706971362453,0.6939929328621908,0.47585732
329,0.0708706971362453,0.6975265017667844,0.47415343
330,0.07173850159097483,0.6975265017667844,0.47281075
331,0.07173850159097483,0.6982332155477032,0.47241813
332,0.07202776974255135,0.6982332155477032,0.4720029
333,0.07202776974255135,0.6989399293286219,0.4713885
334,0.07260630604570437,0.6989399293286219,0.47108334
335,0.07260630604570437,0.6996466431095406,0.47104597
336,0.07289557419728088,0.6996466431095406,0.47028416
337,0.07289557419728088,0.7031802120141343,0.46922478
338,0.07318484234885739,0.7031802120141343,0.4689699
339,0.07318484234885739,0.7053003533568905,0.46801138
340,0.07376337865201041,0.7053003533568905,0.46756276
341,0.07376337865201041,0.7067137809187279,0.46712908
342,0.07463118310673995,0.7067137809187279,0.466424
343,0.07463118310673995,0.7081272084805653,0.46640438
344,0.07492045125831646,0.7081272084805653,0.4661401
345,0.07492045125831646,0.7095406360424028,0.46519622
346,0.07520971940989297,0.7095406360424028,0.46478993
347,0.07520971940989297,0.7109540636042403,0.4640595
348,0.0760775238646225,0.7109540636042403,0.46330452
349,0.0760775238646225,0.711660777385159,0.46308365
350,0.07723459647092855,0.711660777385159,0.46122694
351,0.07723459647092855,0.7137809187279152,0.45987615
352,0.07752386462250506,0.7137809187279152,0.45983043
353,0.07752386462250506,0.714487632508834,0.4583119
354,0.07810240092565808,0.714487632508834,0.45781374
355,0.07810240092565808,0.7159010600706713,0.45752183
356,0.07839166907723459,0.7159010600706713,0.45724678
357,0.07839166907723459,0.7166077738515901,0.45706803
358,0.0786809372288111,0.7166077738515901,0.45680055
359,0.0786809372288111,0.7173144876325088,0.45576844
360,0.07897020538038763,0.7173144876325088,0.45552462
361,0.07897020538038763,0.7215547703180212,0.45452762
362,0.07983800983511716,0.7215547703180212,0.45350704
363,0.07983800983511716,0.7229681978798587,0.45271316
364,0.08012727798669367,0.7229681978798587,0.4523963
365,0.08012727798669367,0.7236749116607774,0.45238853
366,0.08041654613827018,0.7236749116607774,0.45204458
367,0.08041654613827018,0.7243816254416962,0.4516216
368,0.08070581428984669,0.7243816254416962,0.45145792
369,0.08070581428984669,0.7250883392226148,0.4512961
370,0.08186288689615273,0.7250883392226148,0.44882122
371,0.08186288689615273,0.7257950530035335,0.4487885
372,0.08215215504772924,0.7257950530035335,0.44825283
373,0.08215215504772924,0.7265017667844523,0.4480711
374,0.08273069135088226,0.7265017667844523,0.44764853
375,0.08273069135088226,0.727208480565371,0.4474178
376,0.08330922765403528,0.727208480565371,0.44637242
377,0.08330922765403528,0.7286219081272085,0.44483328
378,0.08388776395718832,0.7286219081272085,0.44398636
379,0.08562337286664738,0.7286219081272085,0.4416358
380,0.08562337286664738,0.7300353356890459,0.44129568
381,0.08649117732137691,0.7300353356890459,0.44020748
382,0.08649117732137691,0.7328621908127209,0.4395012
383,0.08678044547295342,0.7328621908127209,0.4389677
384,0.08678044547295342,0.7335689045936395,0.43889084
385,0.08706971362452993,0.7335689045936395,0.4388535
386,0.08706971362452993,0.7342756183745583,0.4382367
387,0.0885160543824125,0.7342756183745583,0.43741846
388,0.0885160543824125,0.7363957597173145,0.43728012
389,0.08909459068556552,0.7363957597173145,0.43702197
390,0.08909459068556552,0.7371024734982332,0.43697625
391,0.08967312698871854,0.7371024734982332,0.43664807
392,0.08967312698871854,0.7378091872791519,0.43638444
393,0.08996239514029505,0.7378091872791519,0.43593097
394,0.08996239514029505,0.7392226148409894,0.43548054
395,0.09025166329187156,0.7392226148409894,0.43511423
396,0.09025166329187156,0.7406360424028269,0.4345358
397,0.09198727220133063,0.7406360424028269,0.43205827
398,0.09198727220133063,0.7420494699646644,0.4302841
399,0.09227654035290714,0.7420494699646644,0.4297441
400,0.09227654035290714,0.7441696113074205,0.4288496
401,0.0934336129592132,0.7441696113074205,0.42810026
402,0.0934336129592132,0.7462897526501767,0.42753488
403,0.0937228811107897,0.7462897526501767,0.4274313
404,0.0937228811107897,0.7469964664310954,0.42740187
405,0.09401214926236622,0.7469964664310954,0.42718917
406,0.09401214926236622,0.7484098939929329,0.425773
407,0.09459068556551924,0.7484098939929329,0.42534557
408,0.09459068556551924,0.7491166077738516,0.42529947
409,0.09487995371709575,0.7491166077738516,0.42475638
410,0.09487995371709575,0.7498233215547703,0.4242074
411,0.09545849002024877,0.7498233215547703,0.42373377
412,0.09545849002024877,0.7512367491166078,0.4215641
413,0.09574775817182528,0.7512367491166078,0.42098325
414,0.09574775817182528,0.7519434628975264,0.4206767
415,0.09661556262655481,0.7519434628975264,0.42004767
416,0.09661556262655481,0.7526501766784452,0.42003208
417,0.09690483077813133,0.7526501766784452,0.41985258
418,0.09690483077813133,0.7533568904593639,0.41929135
419,0.09748336708128436,0.7533568904593639,0.41810298
420,0.09748336708128436,0.7547703180212014,0.41785726
421,0.09806190338443738,0.7547703180212014,0.4177677
422,0.09806190338443738,0.7554770318021201,0.4177224
423,0.09835117153601389,0.7554770318021201,0.4174121
424,0.09835117153601389,0.7561837455830389,0.4171465
425,0.09892970783916691,0.7561837455830389,0.41633397
426,0.09892970783916691,0.7568904593639576,0.41554433
427,0.09950824414231993,0.7568904593639576,0.41489205
428,0.09950824414231993,0.7575971731448763,0.41457468
429,0.10037604859704946,0.7575971731448763,0.41386896
430,0.10037604859704946,0.7583038869257951,0.41375932
431,0.10066531674862597,0.7583038869257951,0.4137249
432,0.10066531674862597,0.7590106007067138,0.41337952
433,0.10153312120335552,0.7590106007067138,0.41132966
434,0.10153312120335552,0.7597173144876325,0.41124815
435,0.10182238935493203,0.7597173144876325,0.411155
436,0.10182238935493203,0.7618374558303886,0.40977162
437,0.10240092565808505,0.7618374558303886,0.40910944
438,0.10240092565808505,0.7625441696113074,0.4089045
439,0.10269019380966156,0.7625441696113074,0.40842637
440,0.10269019380966156,0.7639575971731449,0.40699157
441,0.10297946196123807,0.7639575971731449,0.40684962
442,0.10297946196123807,0.7646643109540636,0.40669864
443,0.10442580271912062,0.7646643109540636,0.4055501
444,0.10442580271912062,0.7653710247349823,0.40460014
445,0.10500433902227364,0.7653710247349823,0.40326387
446,0.10500433902227364,0.7667844522968198,0.40250373
447,0.10529360717385015,0.7667844522968198,0.4024859
448,0.10529360717385015,0.7674911660777385,0.40241036
449,0.10587214347700319,0.7674911660777385,0.40182465
450,0.10587214347700319,0.7681978798586573,0.4013973
451,0.1061614116285797,0.7681978798586573,0.40130472
452,0.1061614116285797,0.768904593639576,0.40013266
453,0.10702921608330923,0.768904593639576,0.39984637
454,0.10702921608330923,0.7696113074204947,0.39980787
455,0.10760775238646225,0.7696113074204947,0.39927274
456,0.10760775238646225,0.7703180212014135,0.39899358
457,0.10789702053803876,0.7703180212014135,0.39872575
458,0.10789702053803876,0.7724381625441696,0.3978513
459,0.1087648249927683,0.7724381625441696,0.39642817
460,0.1087648249927683,0.773851590106007,0.39626044
461,0.10963262944749783,0.773851590106007,0.39614272
462,0.10963262944749783,0.776678445229682,0.39573756
463,0.11252531096326295,0.776678445229682,0.3949102
464,0.11252531096326295,0.7787985865724382,0.3945211
465,0.11339311541799248,0.7787985865724382,0.39382714
466,0.11339311541799248,0.7795053003533569,0.3937964
467,0.11455018802429852,0.7795053003533569,0.39273924
468,0.11455018802429852,0.7802120141342757,0.3924808
469,0.11599652878218109,0.7802120141342757,0.390942
470,0.11599652878218109,0.781625441696113,0.39048642
471,0.11715360138848713,0.781625441696113,0.38956556
472,0.11715360138848713,0.7823321554770318,0.38938323
473,0.11744286954006364,0.7823321554770318,0.3893061
474,0.11744286954006364,0.7830388692579505,0.3892045
475,0.11859994214636968,0.7830388692579505,0.38722524
476,0.11859994214636968,0.7851590106007067,0.385804
477,0.1191784784495227,0.7851590106007067,0.38518247
478,0.1191784784495227,0.7865724381625442,0.38449365
479,0.12004628290425225,0.7865724381625442,0.3834165
480,0.12004628290425225,0.7872791519434629,0.38340676
481,0.12062481920740527,0.7872791519434629,0.38328496
482,0.12062481920740527,0.7886925795053004,0.38302046
483,0.12091408735898178,0.7886925795053004,0.38290784
484,0.12091408735898178,0.7901060070671378,0.38282073
485,0.1214926236621348,0.7901060070671378,0.38273218
486,0.1214926236621348,0.7908127208480565,0.38228613
487,0.12207115996528782,0.7908127208480565,0.38167495
488,0.12207115996528782,0.7915194346289752,0.38134316
489,0.12380676887474688,0.7915194346289752,0.38022882
490,0.12380676887474688,0.792226148409894,0.38016468
491,0.12409603702632341,0.792226148409894,0.37982482
492,0.12409603702632341,0.7929328621908127,0.37978095
493,0.12525310963262945,0.7929328621908127,0.37807602
494,0.12525310963262945,0.7936395759717314,0.3771785
495,0.12554237778420596,0.7936395759717314,0.37519082
496,0.12554237778420596,0.7950530035335689,0.37442318
497,0.12583164593578247,0.7950530035335689,0.3742581
498,0.12583164593578247,0.7957597173144876,0.37414977
499,0.12612091408735898,0.7957597173144876,0.37386268
500,0.12612091408735898,0.7964664310954064,0.37370652
501,0.1269887185420885,0.7964664310954064,0.37360618
502,0.1269887185420885,0.7971731448763251,0.37187156
503,0.12756725484524153,0.7971731448763251,0.37057954
504,0.12756725484524153,0.7978798586572439,0.37050644
505,0.1290135956031241,0.7978798586572439,0.36954653
506,0.1290135956031241,0.7985865724381626,0.36924478
507,0.13074920451258318,0.7985865724381626,0.36827326
508,0.13074920451258318,0.8007067137809187,0.3670296
509,0.1310384726641597,0.8007067137809187,0.36689815
510,0.1310384726641597,0.8014134275618374,0.36640558
511,0.1313277408157362,0.8014134275618374,0.36634845
512,0.1313277408157362,0.8021201413427562,0.36634764
513,0.13248481342204224,0.8021201413427562,0.36574593
514,0.13248481342204224,0.8028268551236749,0.36445227
515,0.13277408157361875,0.8028268551236749,0.36442417
516,0.13277408157361875,0.8042402826855124,0.36428508
517,0.13306334972519526,0.8042402826855124,0.3642579
518,0.13306334972519526,0.8056537102473498,0.36320367
519,0.13364188602834828,0.8056537102473498,0.36309984
520,0.1342204223315013,0.8056537102473498,0.3630711
521,0.1342204223315013,0.8063604240282686,0.3627907
522,0.13479895863465433,0.8063604240282686,0.36238557
523,0.13479895863465433,0.8070671378091873,0.36223736
524,0.13624529939253688,0.8070671378091873,0.35973227
525,0.13624529939253688,0.8077738515901061,0.35942993
526,0.13740237199884292,0.8077738515901061,0.35869652
527,0.13740237199884292,0.8084805653710248,0.35826382
528,0.13913798090830198,0.8084805653710248,0.35562468
529,0.13913798090830198,0.8091872791519434,0.35488093
530,0.14058432166618456,0.8091872791519434,0.35387737
531,0.14058432166618456,0.8098939929328622,0.35373923
532,0.1417413942724906,0.8098939929328622,0.3522849
533,0.1417413942724906,0.8106007067137809,0.35203105
534,0.14318773503037316,0.8106007067137809,0.35094842
535,0.14318773503037316,0.8134275618374558,0.35031042
536,0.1443448076366792,0.8134275618374558,0.34944203
537,0.1443448076366792,0.8148409893992933,0.34930617
538,0.14492334393983222,0.8148409893992933,0.34903184
539,0.14492334393983222,0.8162544169611308,0.3487591
540,0.14665895284929129,0.8162544169611308,0.3469967
541,0.14665895284929129,0.8176678445229681,0.3463171
542,0.1469482210008678,0.8176678445229681,0.34631136
543,0.1469482210008678,0.818374558303887,0.34617868
544,0.1472374891524443,0.818374558303887,0.34610176
545,0.1472374891524443,0.8197879858657244,0.3457703
546,0.14781602545559733,0.8197879858657244,0.34554714
547,0.14781602545559733,0.8212014134275618,0.34493303
548,0.1486838299103269,0.8212014134275618,0.34358397
549,0.1486838299103269,0.8226148409893993,0.3434574
550,0.1492623662134799,0.8226148409893993,0.34236845
551,0.1492623662134799,0.823321554770318,0.3421174
552,0.15041943881978595,0.823321554770318,0.34109297
553,0.15041943881978595,0.8240282685512368,0.34108895
554,0.15070870697136246,0.8240282685512368,0.34105417
555,0.15070870697136246,0.8247349823321555,0.34070423
556,0.15099797512293897,0.8247349823321555,0.34049216
557,0.15099797512293897,0.826148409893993,0.33982977
558,0.1518657795776685,0.826148409893993,0.33977768
559,0.1518657795776685,0.8268551236749117,0.33937687
560,0.15244431588082152,0.8268551236749117,0.33913755
561,0.15244431588082152,0.8275618374558303,0.33904216
562,0.15331212033555106,0.8275618374558303,0.33849972
563,0.15331212033555106,0.8282685512367491,0.33833256
564,0.15360138848712757,0.8282685512367491,0.33832246
565,0.15360138848712757,0.8289752650176678,0.3378272
566,0.15533699739658663,0.8289752650176678,0.3350932
567,0.15533699739658663,0.8296819787985866,0.3347699
568,0.15620480185131616,0.8296819787985866,0.33411407
569,0.15620480185131616,0.8303886925795053,0.33343142
570,0.15678333815446918,0.8303886925795053,0.3325631
571,0.15678333815446918,0.8318021201413428,0.3320357
572,0.1622794330344229,0.8318021201413428,0.32649034
573,0.1622794330344229,0.8346289752650177,0.3252469
574,0.16430431009545848,0.8346289752650177,0.32385254
575,0.16430431009545848,0.8353356890459364,0.32374644
576,0.164593578247035,0.8353356890459364,0.3236189
577,0.164593578247035,0.8360424028268552,0.32325554
578,0.16517211455018802,0.8360424028268552,0.32280615
579,0.16517211455018802,0.8374558303886925,0.32248905
580,0.16546138270176453,0.8374558303886925,0.32227892
581,0.16546138270176453,0.8381625441696113,0.32195026
582,0.16719699161122362,0.8381625441696113,0.32147637
583,0.16719699161122362,0.83886925795053,0.32123867
584,0.16748625976280013,0.83886925795053,0.3208309
585,0.16748625976280013,0.8395759717314487,0.32081017
586,0.16777552791437664,0.8395759717314487,0.3207209
587,0.16777552791437664,0.8402826855123675,0.3204772
588,0.16806479606595315,0.8402826855123675,0.3202425
589,0.16806479606595315,0.841696113074205,0.31999856
590,0.16864333236910617,0.841696113074205,0.31977534
591,0.16864333236910617,0.8424028268551237,0.31970713
592,0.1695111368238357,0.8424028268551237,0.31908005
593,0.1695111368238357,0.8438162544169612,0.31902173
594,0.17037894127856523,0.8438162544169612,0.31827974
595,0.17037894127856523,0.8452296819787986,0.31800804
596,0.17153601388487127,0.8452296819787986,0.3172014
597,0.17153601388487127,0.846643109540636,0.3171112
598,0.17298235464275383,0.846643109540636,0.31466722
599,0.17298235464275383,0.8480565371024735,0.3143355
600,0.17413942724905987,0.8480565371024735,0.3137458
601,0.17413942724905987,0.8494699646643109,0.3136921
602,0.17616430431009547,0.8494699646643109,0.3112711
603,0.17616430431009547,0.8508833922261484,0.31080282
604,0.177032108764825,0.8508833922261484,0.31023026
605,0.177032108764825,0.8522968197879859,0.30953687
606,0.17789991321955453,0.8522968197879859,0.30860135
607,0.17789991321955453,0.8530035335689046,0.30838805
608,0.18137113103847266,0.8530035335689046,0.3046802
609,0.18137113103847266,0.8537102473498234,0.3045434
610,0.18339600809950823,0.8537102473498234,0.30345303
611,0.18339600809950823,0.8544169611307421,0.30295938
612,0.18368527625108474,0.8544169611307421,0.3024376
613,0.18368527625108474,0.8551236749116607,0.30224746
614,0.18397454440266126,0.8551236749116607,0.30217904
615,0.18397454440266126,0.8565371024734982,0.30186135
616,0.18426381255423777,0.8565371024734982,0.30167204
617,0.18426381255423777,0.8572438162544169,0.30165035
618,0.18484234885739081,0.8572438162544169,0.3011824
619,0.18484234885739081,0.8607773851590106,0.2998818
620,0.1871564940700029,0.8607773851590106,0.29773182
621,0.1871564940700029,0.8614840989399293,0.29755655
622,0.1874457622215794,0.8614840989399293,0.29690763
623,0.1874457622215794,0.8621908127208481,0.29684126
624,0.18831356667630894,0.8621908127208481,0.29610622
625,0.18831356667630894,0.8636042402826856,0.2959438
626,0.1897599074341915,0.8636042402826856,0.2942558
627,0.1897599074341915,0.8650176678445229,0.2932615
628,0.19149551634365056,0.8650176678445229,0.29265347
629,0.19149551634365056,0.8657243816254417,0.29205045
630,0.1946774660109922,0.8657243816254417,0.28935415
631,0.1946774660109922,0.8671378091872791,0.28897706
632,0.19554527046572173,0.8671378091872791,0.2881604
633,0.19554527046572173,0.8678445229681979,0.2878518
634,0.1972808793751808,0.8678445229681979,0.2864682
635,0.1972808793751808,0.8685512367491166,0.28608006
636,0.19843795198148684,0.8685512367491166,0.2855975
637,0.19843795198148684,0.8699646643109541,0.28549585
638,0.19872722013306335,0.8699646643109541,0.285147
639,0.19872722013306335,0.8706713780918728,0.28513828
640,0.2001735608909459,0.8706713780918728,0.28475267
641,0.2001735608909459,0.8713780918727915,0.28466102
642,0.20306624240671103,0.8713780918727915,0.2829274
643,0.20306624240671103,0.8720848056537103,0.28276116
644,0.2045125831645936,0.8720848056537103,0.2806176
645,0.2045125831645936,0.872791519434629,0.28057158
646,0.20595892392247614,0.872791519434629,0.27972487
647,0.20595892392247614,0.8742049469964664,0.27959302
648,0.20624819207405265,0.8742049469964664,0.27954793
649,0.20624819207405265,0.8749116607773851,0.27939072
650,0.20682672837720567,0.8749116607773851,0.27921608
651,0.20682672837720567,0.8763250883392226,0.27906865
652,0.2076945328319352,0.8763250883392226,0.27829525
653,0.2076945328319352,0.8770318021201413,0.27818966
654,0.20856233728666473,0.8770318021201413,0.27778405
655,0.20856233728666473,0.8784452296819788,0.2769281
656,0.20885160543824124,0.8784452296819788,0.27679795
657,0.20885160543824124,0.8791519434628975,0.2767776
658,0.20914087358981776,0.8791519434628975,0.27637666
659,0.20914087358981776,0.8798586572438163,0.27614975
660,0.2120335551055829,0.8798586572438163,0.27447286
661,0.2120335551055829,0.880565371024735,0.2744616
662,0.2126120914087359,0.880565371024735,0.27442312
663,0.2126120914087359,0.8819787985865725,0.2743513
664,0.21347989586346544,0.8819787985865725,0.2738645
665,0.21347989586346544,0.8826855123674912,0.27325326
666,0.21405843216661846,0.8826855123674912,0.27308637
667,0.21405843216661846,0.8833922261484098,0.27305824
668,0.2152155047729245,0.8833922261484098,0.27272886
669,0.2152155047729245,0.8840989399293286,0.27270013
670,0.21550477292450101,0.8840989399293286,0.272521
671,0.21550477292450101,0.8848056537102473,0.2725133
672,0.21724038183396008,0.8848056537102473,0.27106032
673,0.21724038183396008,0.8855123674911661,0.27071488
674,0.2175296499855366,0.8855123674911661,0.27058768
675,0.2175296499855366,0.8862190812720848,0.2704269
676,0.21839745444026612,0.8862190812720848,0.26983717
677,0.21839745444026612,0.8869257950530035,0.26938555
678,0.21897599074341914,0.8869257950530035,0.26935023
679,0.21897599074341914,0.8876325088339223,0.26926103
680,0.2207115996528782,0.8876325088339223,0.26782373
681,0.2207115996528782,0.8890459363957597,0.2674151
682,0.22129013595603125,0.8890459363957597,0.2671825
683,0.22129013595603125,0.8897526501766785,0.26694864
684,0.2224472085623373,0.8897526501766785,0.2659422
685,0.2224472085623373,0.8904593639575972,0.26593253
686,0.22389354932021985,0.8904593639575972,0.26487833
687,0.22389354932021985,0.8911660777385159,0.26475435
688,0.22591842638125542,0.8911660777385159,0.26250556
689,0.22591842638125542,0.8918727915194347,0.2621509
690,0.22620769453283193,0.8918727915194347,0.26193315
691,0.22620769453283193,0.8925795053003533,0.26180267
692,0.22967891235175006,0.8925795053003533,0.2585327
693,0.22967891235175006,0.893286219081272,0.25851512
694,0.2299681805033266,0.893286219081272,0.25842965
695,0.2299681805033266,0.8939929328621908,0.2582388
696,0.2302574486549031,0.8939929328621908,0.25822997
697,0.2302574486549031,0.8954063604240282,0.25818992
698,0.2331501301706682,0.8954063604240282,0.25574377
699,0.2331501301706682,0.896113074204947,0.25566846
700,0.23343939832224472,0.896113074204947,0.25550038
701,0.23343939832224472,0.8968197879858657,0.25534633
702,0.2354642753832803,0.8968197879858657,0.25409734
703,0.2354642753832803,0.8975265017667845,0.25404644
704,0.2357535435348568,0.8975265017667845,0.25403893
705,0.2357535435348568,0.8982332155477032,0.25402254
706,0.2380676887474689,0.8982332155477032,0.2529698
707,0.2380676887474689,0.8989399293286219,0.25280017
708,0.23980329765692798,0.8989399293286219,0.2510133
709,0.23980329765692798,0.8996466431095407,0.2509489
710,0.2432745154758461,0.8996466431095407,0.2491425
711,0.2432745154758461,0.9003533568904594,0.24909958
712,0.24385305177899913,0.9003533568904594,0.24892001
713,0.24385305177899913,0.9017667844522969,0.24865088
714,0.24472085623372866,0.9017667844522969,0.24765138
715,0.24472085623372866,0.9024734982332155,0.24761908
716,0.24501012438530517,0.9024734982332155,0.2475167
717,0.24501012438530517,0.9045936395759717,0.24662676
718,0.24703500144634075,0.9045936395759717,0.24496555
719,0.24703500144634075,0.9053003533568904,0.24485537
720,0.2479028059010703,0.9053003533568904,0.24449988
721,0.2479028059010703,0.9060070671378092,0.24428916
722,0.24877061035579984,0.9060070671378092,0.24392378
723,0.24877061035579984,0.9067137809187279,0.24375439
724,0.24934914665895286,0.9067137809187279,0.2436115
725,0.24934914665895286,0.9074204946996467,0.24351189
726,0.2505062192652589,0.9074204946996467,0.24232432
727,0.2505062192652589,0.9081272084805654,0.24189338
728,0.2513740237199884,0.9081272084805654,0.24135117
729,0.2513740237199884,0.9088339222614841,0.24125257
730,0.2531096326294475,0.9088339222614841,0.2403731
731,0.2531096326294475,0.9095406360424029,0.24026549
732,0.253977437084177,0.9095406360424029,0.23902342
733,0.253977437084177,0.9109540636042402,0.23862937
734,0.25658085044836565,0.9109540636042402,0.2373354
735,0.25715938675151867,0.9109540636042402,0.23728195
736,0.2609198727220133,0.9109540636042402,0.23381607
737,0.2609198727220133,0.911660777385159,0.23376067
738,0.26149840902516636,0.911660777385159,0.2334209
739,0.26149840902516636,0.9123674911660777,0.23315792
740,0.2632340179346254,0.9123674911660777,0.2315832
741,0.2632340179346254,0.9137809187279152,0.23126873
742,0.2655481631472375,0.9137809187279152,0.229422
743,0.2655481631472375,0.9144876325088339,0.22928481
744,0.265837431298814,0.9144876325088339,0.22900288
745,0.265837431298814,0.9151943462897526,0.22896326
746,0.27104425802719123,0.9151943462897526,0.22571103
747,0.27104425802719123,0.9166077738515901,0.2252723
748,0.2736476713913798,0.9166077738515901,0.2238367
749,0.2736476713913798,0.9173144876325088,0.2237951
750,0.27451547584610936,0.9173144876325088,0.22320649
751,0.27451547584610936,0.9187279151943463,0.22296767
752,0.27480474399768584,0.9187279151943463,0.22287545
753,0.27480474399768584,0.9194346289752651,0.22276604
754,0.27538328030083886,0.9194346289752651,0.2227101
755,0.27538328030083886,0.9201413427561838,0.22270036
756,0.27682962105872144,0.9201413427561838,0.22203219
757,0.27682962105872144,0.9215547703180212,0.22126313
758,0.2785652299681805,0.9215547703180212,0.21974966
759,0.2785652299681805,0.9222614840989399,0.21974055
760,0.2829042522418282,0.9222614840989399,0.2175552
761,0.2829042522418282,0.9229681978798586,0.2174358
762,0.2837720566965577,0.9229681978798586,0.21707658
763,0.2837720566965577,0.9236749116607774,0.21707657
764,0.28463986115128725,0.9236749116607774,0.21680252
765,0.28463986115128725,0.9250883392226148,0.21637574
766,0.28550766560601676,0.9250883392226148,0.21594222
767,0.28550766560601676,0.9257950530035336,0.21591392
768,0.28897888342493494,0.9257950530035336,0.21481681
769,0.28897888342493494,0.9265017667844523,0.21454474
770,0.28955741972808796,0.9265017667844523,0.21439512
771,0.28955741972808796,0.927208480565371,0.21409221
772,0.2959213190627712,0.927208480565371,0.20995578
773,0.2959213190627712,0.9279151943462898,0.20974748
774,0.2962105872143477,0.9279151943462898,0.20973857
775,0.2962105872143477,0.9293286219081273,0.20955038
776,0.2967891235175007,0.9293286219081273,0.20941277
777,0.2967891235175007,0.930035335689046,0.20925161
778,0.29765692797223026,0.930035335689046,0.20899348
779,0.29765692797223026,0.9307420494699646,0.20873389
780,0.30431009545849,0.9307420494699646,0.20561251
781,0.30431009545849,0.9314487632508834,0.20527999
782,0.3066242406711021,0.9314487632508834,0.20393774
783,0.3066242406711021,0.9321554770318021,0.20357704
784,0.31009545849002024,0.9321554770318021,0.20120963
785,0.31009545849002024,0.9328621908127208,0.20120005
786,0.3115417992479028,0.9328621908127208,0.20053022
787,0.3115417992479028,0.9335689045936396,0.20052823
788,0.3118310673994793,0.9335689045936396,0.2005208
789,0.3118310673994793,0.9342756183745583,0.2004076
790,0.31212033555105584,0.9342756183745583,0.20021749
791,0.31212033555105584,0.934982332155477,0.20018192
792,0.3158808215215505,0.934982332155477,0.19791251
793,0.3158808215215505,0.9363957597173145,0.19724819
794,0.31674862597628,0.9363957597173145,0.1968398
795,0.31674862597628,0.9371024734982332,0.19681163
796,0.3196413074920451,0.9371024734982332,0.19533004
797,0.3196413074920451,0.937809187279152,0.19521639
798,0.31993057564362165,0.937809187279152,0.19511557
799,0.31993057564362165,0.9385159010600707,0.19490197
800,0.3265837431298814,0.9385159010600707,0.192175
801,0.3265837431298814,0.9392226148409893,0.19215176
802,0.33092276540352905,0.9392226148409893,0.18960199
803,0.33092276540352905,0.9406360424028268,0.18920837
804,0.3317905698582586,0.9406360424028268,0.18878487
805,0.3317905698582586,0.9413427561837456,0.18871994
806,0.3338154469192942,0.9413427561837456,0.1876668
807,0.3338154469192942,0.9420494699646643,0.18763688
808,0.3341047150708707,0.9420494699646643,0.18762507
809,0.3346832513740237,0.9420494699646643,0.18745102
810,0.3346832513740237,0.942756183745583,0.18728188
811,0.33815446919294184,0.942756183745583,0.18656078
812,0.33815446919294184,0.9434628975265018,0.18641162
813,0.3471217818918137,0.9434628975265018,0.18186057
814,0.3471217818918137,0.9441696113074205,0.18163863
815,0.3477003181949667,0.9441696113074205,0.18151304
816,0.3477003181949667,0.9448763250883392,0.18144132
817,0.35030373155915534,0.9448763250883392,0.1809858
818,0.35030373155915534,0.945583038869258,0.18092358
819,0.35319641307492045,0.945583038869258,0.18026254
820,0.35319641307492045,0.9462897526501767,0.17990786
821,0.3592710442580272,0.9462897526501767,0.17683852
822,0.3598495805611802,0.9462897526501767,0.17669675
823,0.3601388487127567,0.9462897526501767,0.17636545
824,0.3601388487127567,0.9469964664310954,0.17618182
825,0.36650274804744,0.9469964664310954,0.17282398
826,0.36650274804744,0.9484098939929329,0.17236346
827,0.36823835695689905,0.9484098939929329,0.1717256
828,0.36823835695689905,0.9491166077738515,0.17165694
829,0.36881689326005207,0.9491166077738515,0.17067543
830,0.36881689326005207,0.9498233215547703,0.17035255
831,0.36910616141162855,0.9498233215547703,0.17034706
832,0.36910616141162855,0.950530035335689,0.16997842
833,0.37402371998842926,0.950530035335689,0.16701199
834,0.37402371998842926,0.9512367491166078,0.1665379
835,0.3746022562915823,0.9512367491166078,0.16640142
836,0.3746022562915823,0.9526501766784452,0.16628347
837,0.3751807925947353,0.9526501766784452,0.1659961
838,0.3751807925947353,0.953356890459364,0.16596034
839,0.3757593288978883,0.953356890459364,0.16545162
840,0.3757593288978883,0.9547703180212014,0.16498499
841,0.38067688747468903,0.9547703180212014,0.16351457
842,0.38067688747468903,0.9554770318021202,0.163475
843,0.3821232282325716,0.9554770318021202,0.16279969
844,0.3821232282325716,0.9561837455830389,0.16256325
845,0.38704078680937226,0.9561837455830389,0.15951732
846,0.38704078680937226,0.9568904593639576,0.15938672
847,0.38848712756725484,0.9568904593639576,0.15871425
848,0.38848712756725484,0.958303886925795,0.15855746
849,0.3928261498409025,0.958303886925795,0.15686563
850,0.3928261498409025,0.9590106007067137,0.15685987
851,0.39919004917558576,0.9590106007067137,0.15440278
852,0.39919004917558576,0.9597173144876325,0.15435949
853,0.3994793173271623,0.9597173144876325,0.15433802
854,0.3994793173271623,0.9604240282685512,0.15428138
855,0.3997685854787388,0.9604240282685512,0.15404864
856,0.3997685854787388,0.9611307420494699,0.15404296
857,0.4000578536303153,0.9611307420494699,0.15373066
858,0.4000578536303153,0.9618374558303887,0.1536766
859,0.40208273069135086,0.9618374558303887,0.15316491
860,0.40208273069135086,0.9625441696113074,0.15315433
861,0.40410760775238647,0.9625441696113074,0.15247788
862,0.40410760775238647,0.9632508833922262,0.15235011
863,0.4067110211165751,0.9632508833922262,0.15058446
864,0.4067110211165751,0.9639575971731449,0.15051907
865,0.40844663002603415,0.9639575971731449,0.14922853
866,0.40844663002603415,0.9646643109540636,0.14922258
867,0.4177032108764825,0.9646643109540636,0.14502983
868,0.4177032108764825,0.9660777385159011,0.14487754
869,0.41943881978594155,0.9660777385159011,0.14386621
870,0.41943881978594155,0.9667844522968198,0.14385183
871,0.4200173560890946,0.9667844522968198,0.14360268
872,0.4205958923922476,0.9667844522968198,0.14357123
873,0.4255134509690483,0.9667844522968198,0.1412998
874,0.4255134509690483,0.9681978798586572,0.1410636
875,0.4284061324848134,0.9681978798586572,0.13948774
876,0.4284061324848134,0.9696113074204947,0.13895929
877,0.4379519814868383,0.9696113074204947,0.13507445
878,0.4379519814868383,0.9703180212014134,0.13505551
879,0.4399768585478739,0.9703180212014134,0.13396654
880,0.4399768585478739,0.9710247349823321,0.13380298
881,0.44373734451836855,0.9710247349823321,0.13218397
882,0.44373734451836855,0.9717314487632509,0.13216087
883,0.44460514897309805,0.9717314487632509,0.13136885
884,0.44460514897309805,0.9724381625441696,0.13121483
885,0.4454729534278276,0.9724381625441696,0.13045529
886,0.4454729534278276,0.9738515901060071,0.13011935
887,0.4483656349435927,0.9738515901060071,0.12936668
888,0.4483656349435927,0.9745583038869258,0.12921378
889,0.4506797801562048,0.9745583038869258,0.12734918
890,0.4506797801562048,0.9752650176678446,0.12719959
891,0.46832513740237197,0.9752650176678446,0.12107162
892,0.46832513740237197,0.9759717314487633,0.120848134
893,0.4703500144634076,0.9759717314487633,0.11979771
894,0.4703500144634076,0.976678445229682,0.11956173
895,0.4778709864043969,0.976678445229682,0.11644204
896,0.4778709864043969,0.9773851590106007,0.11608939
897,0.4781602545559734,0.9773851590106007,0.11607442
898,0.4781602545559734,0.9780918727915194,0.116041765
899,0.4940700028926815,0.9780918727915194,0.110758044
900,0.4940700028926815,0.9787985865724381,0.11044294
901,0.49927682962105874,0.9787985865724381,0.10864276
902,0.49927682962105874,0.9795053003533569,0.1086302
903,0.5004339022273647,0.9795053003533569,0.108090535
904,0.5004339022273647,0.9802120141342756,0.10808818
905,0.5010124385305178,0.9802120141342756,0.1079846
906,0.5010124385305178,0.9809187279151943,0.107888184
907,0.5018802429852474,0.9809187279151943,0.107768275
908,0.5018802429852474,0.9816254416961131,0.107765116
909,0.5027480474399768,0.9816254416961131,0.1073002
910,0.5027480474399768,0.9823321554770318,0.107040904
911,0.505062192652589,0.9823321554770318,0.10625775
912,0.505062192652589,0.9830388692579505,0.106249765
913,0.506797801562048,0.9830388692579505,0.1049361
914,0.5073763378652011,0.9830388692579505,0.104901865
915,0.5125831645935782,0.9830388692579505,0.10337609
916,0.5125831645935782,0.9837455830388693,0.10335902
917,0.5166329187156494,0.9837455830388693,0.10135998
918,0.5166329187156494,0.984452296819788,0.101357564
919,0.5224182817471796,0.984452296819788,0.09969762
920,0.5224182817471796,0.9851590106007068,0.09939934
921,0.5290714492334394,0.9851590106007068,0.097059414
922,0.5290714492334394,0.9858657243816255,0.09705195
923,0.5351460804165461,0.9858657243816255,0.09549319
924,0.5351460804165461,0.9865724381625441,0.09548099
925,0.544691929418571,0.9865724381625441,0.092715494
926,0.544691929418571,0.9872791519434629,0.09257722
927,0.5467168064796066,0.9872791519434629,0.09176442
928,0.5467168064796066,0.9879858657243816,0.09175414
929,0.5504772924501012,0.9879858657243816,0.09045956
930,0.5504772924501012,0.9886925795053003,0.09045329
931,0.5519236332079838,0.9886925795053003,0.09008175
932,0.5519236332079838,0.9893992932862191,0.09003425
933,0.5565519236332079,0.9893992932862191,0.08800099
934,0.5565519236332079,0.9901060070671378,0.08782376
935,0.557130459936361,0.9901060070671378,0.0875979
936,0.557130459936361,0.9908127208480565,0.087578446
937,0.5687011859994214,0.9908127208480565,0.08424349
938,0.5687011859994214,0.9915194346289753,0.084202975
939,0.5768006942435638,0.9915194346289753,0.08128815
940,0.5768006942435638,0.992226148409894,0.081254154
941,0.5796933757593289,0.992226148409894,0.08026004
942,0.5796933757593289,0.9929328621908127,0.08018309
943,0.5860572750940122,0.9929328621908127,0.077874824
944,0.5860572750940122,0.9936395759717315,0.077784285
945,0.5935782470350014,0.9936395759717315,0.07553858
946,0.5935782470350014,0.9943462897526502,0.075475104
947,0.607463118310674,0.9943462897526502,0.07186176
948,0.607463118310674,0.9957597173144876,0.07181165
949,0.608041654613827,0.9957597173144876,0.07139812
950,0.608041654613827,0.9964664310954063,0.0713709
951,0.6444894417124675,0.9964664310954063,0.0603836
952,0.6444894417124675,0.9971731448763251,0.060269155
953,0.669077234596471,0.9971731448763251,0.053706653
954,0.669077234596471,0.9978798586572438,0.053702302
955,0.73300549609488,0.9978798586572438,0.036938842
956,0.73300549609488,0.9985865724381625,0.03684975
957,0.771478160254556,0.9985865724381625,0.029856045
958,0.771478160254556,0.9992932862190813,0.029814199
959,0.8568122649696268,0.9992932862190813,0.014718363
960,0.8568122649696268,1.0,0.014704362
961,1.0,1.0,0.00035420843
